대지위치,시군구코드,법정동코드,대지구분코드,번,지,사용년월,도로명대지위치,새주소일련번호,새주소도로코드,새주소지상지하코드,새주소본번,새주소부번,사용량(KWh)
서울특별시 성동구 사근동 17,11200,10600,0,0017,0000,202501,,1,,,,,70636
서울특별시 성동구 사근동 17,11200,10600,0,0017,0000,202502,,1,,,,,69442
서울특별시 성동구 사근동 17,11200,10600,0,0017,0000,202503,,1,,,,,66726
서울특별시 성동구 사근동 17,11200,10600,0,0017,0000,202504,,1,,,,,62076
서울특별시 성동구 사근동 17,11200,10600,0,0017,0000,202505,,1,,,,,63969
서울특별시 성동구 사근동 17,11200,10600,0,0017,0000,202506,,1,,,,,63986
서울특별시 성동구 사근동 17,11200,10600,0,0017,0000,202507,,1,,,,,71473
서울특별시 성동구 사근동 17,11200,10600,0,0017,0000,202508,,1,,,,,58251
서울특별시 성동구 사근동 17,11200,10600,0,0017,0000,202509,,1,,,,,60179
서울특별시 성동구 사근동 126-108,11200,10600,0,0126,0108,202501,,1,,,,,97
서울특별시 성동구 사근동 126-108,11200,10600,0,0126,0108,202502,,1,,,,,98
서울특별시 성동구 사근동 126-108,11200,10600,0,0126,0108,202503,,1,,,,,86
서울특별시 성동구 사근동 126-108,11200,10600,0,0126,0108,202504,,1,,,,,95
서울특별시 성동구 사근동 126-108,11200,10600,0,0126,0108,202505,,1,,,,,90
서울특별시 성동구 사근동 126-108,11200,10600,0,0126,0108,202506,,1,,,,,96
서울특별시 성동구 사근동 126-108,11200,10600,0,0126,0108,202507,,1,,,,,98
서울특별시 성동구 사근동 126-108,11200,10600,0,0126,0108,202508,,1,,,,,101
서울특별시 성동구 사근동 126-108,11200,10600,0,0126,0108,202509,,1,,,,,103
서울특별시 성동구 사근동 170,11200,10600,0,0170,0000,202501,서울특별시 성동구 사근동8가길 28 (사근동) ,1,112004109292,0,28,0,1407
서울특별시 성동구 사근동 170,11200,10600,0,0170,0000,202502,서울특별시 성동구 사근동8가길 28 (사근동) ,1,112004109292,0,28,0,1374
서울특별시 성동구 사근동 170,11200,10600,0,0170,0000,202503,서울특별시 성동구 사근동8가길 28 (사근동) ,1,112004109292,0,28,0,1082
서울특별시 성동구 사근동 170,11200,10600,0,0170,0000,202504,서울특별시 성동구 사근동8가길 28 (사근동) ,1,112004109292,0,28,0,1528
서울특별시 성동구 사근동 170,11200,10600,0,0170,0000,202505,서울특별시 성동구 사근동8가길 28 (사근동) ,1,112004109292,0,28,0,1332
서울특별시 성동구 사근동 170,11200,10600,0,0170,0000,202506,서울특별시 성동구 사근동8가길 28 (사근동) ,1,112004109292,0,28,0,1497
서울특별시 성동구 사근동 170,11200,10600,0,0170,0000,202507,서울특별시 성동구 사근동8가길 28 (사근동) ,1,112004109292,0,28,0,1602
서울특별시 성동구 사근동 170,11200,10600,0,0170,0000,202508,서울특별시 성동구 사근동8가길 28 (사근동) ,1,112004109292,0,28,0,2009
서울특별시 성동구 사근동 170,11200,10600,0,0170,0000,202509,서울특별시 성동구 사근동8가길 28 (사근동) ,1,112004109292,0,28,0,1947
서울특별시 성동구 사근동 176-1,11200,10600,0,0176,0001,202501,서울특별시 성동구 사근동길 52 (사근동) ,1,112004109297,0,52,0,7377
서울특별시 성동구 사근동 176-1,11200,10600,0,0176,0001,202502,서울특별시 성동구 사근동길 52 (사근동) ,1,112004109297,0,52,0,7350
서울특별시 성동구 사근동 176-1,11200,10600,0,0176,0001,202503,서울특별시 성동구 사근동길 52 (사근동) ,1,112004109297,0,52,0,6772
서울특별시 성동구 사근동 176-1,11200,10600,0,0176,0001,202504,서울특별시 성동구 사근동길 52 (사근동) ,1,112004109297,0,52,0,7461
서울특별시 성동구 사근동 176-1,11200,10600,0,0176,0001,202505,서울특별시 성동구 사근동길 52 (사근동) ,1,112004109297,0,52,0,6730
서울특별시 성동구 사근동 176-1,11200,10600,0,0176,0001,202506,서울특별시 성동구 사근동길 52 (사근동) ,1,112004109297,0,52,0,6952
서울특별시 성동구 사근동 176-1,11200,10600,0,0176,0001,202507,서울특별시 성동구 사근동길 52 (사근동) ,1,112004109297,0,52,0,7866
서울특별시 성동구 사근동 176-1,11200,10600,0,0176,0001,202508,서울특별시 성동구 사근동길 52 (사근동) ,1,112004109297,0,52,0,8852
서울특별시 성동구 사근동 176-1,11200,10600,0,0176,0001,202509,서울특별시 성동구 사근동길 52 (사근동) ,1,112004109297,0,52,0,8640
서울특별시 성동구 사근동 176-5,11200,10600,0,0176,0005,202501,서울특별시 성동구 사근동8길 8 (사근동) ,1,112004109293,0,8,0,4056
서울특별시 성동구 사근동 176-5,11200,10600,0,0176,0005,202502,서울특별시 성동구 사근동8길 8 (사근동) ,1,112004109293,0,8,0,3920
서울특별시 성동구 사근동 176-5,11200,10600,0,0176,0005,202503,서울특별시 성동구 사근동8길 8 (사근동) ,1,112004109293,0,8,0,3232
서울특별시 성동구 사근동 176-5,11200,10600,0,0176,0005,202504,서울특별시 성동구 사근동8길 8 (사근동) ,1,112004109293,0,8,0,3090
서울특별시 성동구 사근동 176-5,11200,10600,0,0176,0005,202505,서울특별시 성동구 사근동8길 8 (사근동) ,1,112004109293,0,8,0,3062
서울특별시 성동구 사근동 176-5,11200,10600,0,0176,0005,202506,서울특별시 성동구 사근동8길 8 (사근동) ,1,112004109293,0,8,0,3882
서울특별시 성동구 사근동 176-5,11200,10600,0,0176,0005,202507,서울특별시 성동구 사근동8길 8 (사근동) ,1,112004109293,0,8,0,5326
서울특별시 성동구 사근동 176-5,11200,10600,0,0176,0005,202508,서울특별시 성동구 사근동8길 8 (사근동) ,1,112004109293,0,8,0,6534
서울특별시 성동구 사근동 176-5,11200,10600,0,0176,0005,202509,서울특별시 성동구 사근동8길 8 (사근동) ,1,112004109293,0,8,0,6472
서울특별시 성동구 사근동 176-10,11200,10600,0,0176,0010,202501,서울특별시 성동구 사근동길 56 (사근동) ,1,112004109297,0,56,0,4330
서울특별시 성동구 사근동 176-10,11200,10600,0,0176,0010,202502,서울특별시 성동구 사근동길 56 (사근동) ,1,112004109297,0,56,0,4714
서울특별시 성동구 사근동 176-10,11200,10600,0,0176,0010,202503,서울특별시 성동구 사근동길 56 (사근동) ,1,112004109297,0,56,0,3790
서울특별시 성동구 사근동 176-10,11200,10600,0,0176,0010,202504,서울특별시 성동구 사근동길 56 (사근동) ,1,112004109297,0,56,0,3396
서울특별시 성동구 사근동 176-10,11200,10600,0,0176,0010,202505,서울특별시 성동구 사근동길 56 (사근동) ,1,112004109297,0,56,0,2928
서울특별시 성동구 사근동 176-10,11200,10600,0,0176,0010,202506,서울특별시 성동구 사근동길 56 (사근동) ,1,112004109297,0,56,0,3533
서울특별시 성동구 사근동 176-10,11200,10600,0,0176,0010,202507,서울특별시 성동구 사근동길 56 (사근동) ,1,112004109297,0,56,0,4541
서울특별시 성동구 사근동 176-10,11200,10600,0,0176,0010,202508,서울특별시 성동구 사근동길 56 (사근동) ,1,112004109297,0,56,0,2753
서울특별시 성동구 사근동 176-10,11200,10600,0,0176,0010,202509,서울특별시 성동구 사근동길 56 (사근동) ,1,112004109297,0,56,0,2265
서울특별시 성동구 사근동 176-25,11200,10600,0,0176,0025,202501,서울특별시 성동구 사근동4길 2 (사근동) ,1,112004109289,0,2,0,247
서울특별시 성동구 사근동 176-25,11200,10600,0,0176,0025,202502,서울특별시 성동구 사근동4길 2 (사근동) ,1,112004109289,0,2,0,498
서울특별시 성동구 사근동 176-25,11200,10600,0,0176,0025,202503,서울특별시 성동구 사근동4길 2 (사근동) ,1,112004109289,0,2,0,262
서울특별시 성동구 사근동 176-25,11200,10600,0,0176,0025,202504,서울특별시 성동구 사근동4길 2 (사근동) ,1,112004109289,0,2,0,111
서울특별시 성동구 사근동 176-25,11200,10600,0,0176,0025,202505,서울특별시 성동구 사근동4길 2 (사근동) ,1,112004109289,0,2,0,83
서울특별시 성동구 사근동 176-25,11200,10600,0,0176,0025,202506,서울특별시 성동구 사근동4길 2 (사근동) ,1,112004109289,0,2,0,87
서울특별시 성동구 사근동 176-25,11200,10600,0,0176,0025,202507,서울특별시 성동구 사근동4길 2 (사근동) ,1,112004109289,0,2,0,104
서울특별시 성동구 사근동 176-25,11200,10600,0,0176,0025,202508,서울특별시 성동구 사근동4길 2 (사근동) ,1,112004109289,0,2,0,169
서울특별시 성동구 사근동 176-25,11200,10600,0,0176,0025,202509,서울특별시 성동구 사근동4길 2 (사근동) ,1,112004109289,0,2,0,132
서울특별시 성동구 사근동 176-36,11200,10600,0,0176,0036,202501,서울특별시 성동구 사근동길 54-1 (사근동) ,1,112004109297,0,54,1,5038
서울특별시 성동구 사근동 176-36,11200,10600,0,0176,0036,202502,서울특별시 성동구 사근동길 54-1 (사근동) ,1,112004109297,0,54,1,5090
서울특별시 성동구 사근동 176-36,11200,10600,0,0176,0036,202503,서울특별시 성동구 사근동길 54-1 (사근동) ,1,112004109297,0,54,1,4478
서울특별시 성동구 사근동 176-36,11200,10600,0,0176,0036,202504,서울특별시 성동구 사근동길 54-1 (사근동) ,1,112004109297,0,54,1,3166
서울특별시 성동구 사근동 176-36,11200,10600,0,0176,0036,202505,서울특별시 성동구 사근동길 54-1 (사근동) ,1,112004109297,0,54,1,2365
서울특별시 성동구 사근동 176-36,11200,10600,0,0176,0036,202506,서울특별시 성동구 사근동길 54-1 (사근동) ,1,112004109297,0,54,1,2274
서울특별시 성동구 사근동 176-36,11200,10600,0,0176,0036,202507,서울특별시 성동구 사근동길 54-1 (사근동) ,1,112004109297,0,54,1,3043
서울특별시 성동구 사근동 176-36,11200,10600,0,0176,0036,202508,서울특별시 성동구 사근동길 54-1 (사근동) ,1,112004109297,0,54,1,3853
서울특별시 성동구 사근동 176-36,11200,10600,0,0176,0036,202509,서울특별시 성동구 사근동길 54-1 (사근동) ,1,112004109297,0,54,1,3465
서울특별시 성동구 사근동 178,11200,10600,0,0178,0000,202501,서울특별시 성동구 사근동8길 3 (사근동) ,1,112004109293,0,3,0,4707
서울특별시 성동구 사근동 178,11200,10600,0,0178,0000,202502,서울특별시 성동구 사근동8길 3 (사근동) ,1,112004109293,0,3,0,4201
서울특별시 성동구 사근동 178,11200,10600,0,0178,0000,202503,서울특별시 성동구 사근동8길 3 (사근동) ,1,112004109293,0,3,0,3832
서울특별시 성동구 사근동 178,11200,10600,0,0178,0000,202504,서울특별시 성동구 사근동8길 3 (사근동) ,1,112004109293,0,3,0,4211
서울특별시 성동구 사근동 178,11200,10600,0,0178,0000,202505,서울특별시 성동구 사근동8길 3 (사근동) ,1,112004109293,0,3,0,4052
서울특별시 성동구 사근동 178,11200,10600,0,0178,0000,202506,서울특별시 성동구 사근동8길 3 (사근동) ,1,112004109293,0,3,0,5261
서울특별시 성동구 사근동 178,11200,10600,0,0178,0000,202507,서울특별시 성동구 사근동8길 3 (사근동) ,1,112004109293,0,3,0,6757
서울특별시 성동구 사근동 178,11200,10600,0,0178,0000,202508,서울특별시 성동구 사근동8길 3 (사근동) ,1,112004109293,0,3,0,7730
서울특별시 성동구 사근동 178,11200,10600,0,0178,0000,202509,서울특별시 성동구 사근동8길 3 (사근동) ,1,112004109293,0,3,0,7056
서울특별시 성동구 사근동 181-2,11200,10600,0,0181,0002,202501,서울특별시 성동구 사근동12길 4 (사근동) ,1,112004109287,0,4,0,3419
서울특별시 성동구 사근동 181-2,11200,10600,0,0181,0002,202502,서울특별시 성동구 사근동12길 4 (사근동) ,1,112004109287,0,4,0,3605
서울특별시 성동구 사근동 181-2,11200,10600,0,0181,0002,202503,서울특별시 성동구 사근동12길 4 (사근동) ,1,112004109287,0,4,0,3102
서울특별시 성동구 사근동 181-2,11200,10600,0,0181,0002,202504,서울특별시 성동구 사근동12길 4 (사근동) ,1,112004109287,0,4,0,3211
서울특별시 성동구 사근동 181-2,11200,10600,0,0181,0002,202505,서울특별시 성동구 사근동12길 4 (사근동) ,1,112004109287,0,4,0,2942
서울특별시 성동구 사근동 181-2,11200,10600,0,0181,0002,202506,서울특별시 성동구 사근동12길 4 (사근동) ,1,112004109287,0,4,0,3428
서울특별시 성동구 사근동 181-2,11200,10600,0,0181,0002,202507,서울특별시 성동구 사근동12길 4 (사근동) ,1,112004109287,0,4,0,4059
서울특별시 성동구 사근동 181-2,11200,10600,0,0181,0002,202508,서울특별시 성동구 사근동12길 4 (사근동) ,1,112004109287,0,4,0,4556
서울특별시 성동구 사근동 181-2,11200,10600,0,0181,0002,202509,서울특별시 성동구 사근동12길 4 (사근동) ,1,112004109287,0,4,0,4210
서울특별시 성동구 사근동 182-3,11200,10600,0,0182,0003,202501,서울특별시 성동구 사근동10길 2-8 (사근동) ,1,112004109282,0,2,8,3768
서울특별시 성동구 사근동 182-3,11200,10600,0,0182,0003,202502,서울특별시 성동구 사근동10길 2-8 (사근동) ,1,112004109282,0,2,8,3385
서울특별시 성동구 사근동 182-3,11200,10600,0,0182,0003,202503,서울특별시 성동구 사근동10길 2-8 (사근동) ,1,112004109282,0,2,8,3159
서울특별시 성동구 사근동 182-3,11200,10600,0,0182,0003,202504,서울특별시 성동구 사근동10길 2-8 (사근동) ,1,112004109282,0,2,8,3604
서울특별시 성동구 사근동 182-3,11200,10600,0,0182,0003,202505,서울특별시 성동구 사근동10길 2-8 (사근동) ,1,112004109282,0,2,8,3368
서울특별시 성동구 사근동 182-3,11200,10600,0,0182,0003,202506,서울특별시 성동구 사근동10길 2-8 (사근동) ,1,112004109282,0,2,8,4218
서울특별시 성동구 사근동 182-3,11200,10600,0,0182,0003,202507,서울특별시 성동구 사근동10길 2-8 (사근동) ,1,112004109282,0,2,8,5955
서울특별시 성동구 사근동 182-3,11200,10600,0,0182,0003,202508,서울특별시 성동구 사근동10길 2-8 (사근동) ,1,112004109282,0,2,8,6918
서울특별시 성동구 사근동 182-3,11200,10600,0,0182,0003,202509,서울특별시 성동구 사근동10길 2-8 (사근동) ,1,112004109282,0,2,8,6783
서울특별시 성동구 사근동 182-13,11200,10600,0,0182,0013,202501,,1,,,,,161
서울특별시 성동구 사근동 182-13,11200,10600,0,0182,0013,202502,,1,,,,,108
서울특별시 성동구 사근동 182-13,11200,10600,0,0182,0013,202503,,1,,,,,163
서울특별시 성동구 사근동 182-13,11200,10600,0,0182,0013,202504,,1,,,,,117
서울특별시 성동구 사근동 182-13,11200,10600,0,0182,0013,202505,,1,,,,,108
서울특별시 성동구 사근동 182-13,11200,10600,0,0182,0013,202506,,1,,,,,147
서울특별시 성동구 사근동 182-13,11200,10600,0,0182,0013,202507,,1,,,,,229
서울특별시 성동구 사근동 182-13,11200,10600,0,0182,0013,202508,,1,,,,,270
서울특별시 성동구 사근동 182-13,11200,10600,0,0182,0013,202509,,1,,,,,233
서울특별시 성동구 사근동 185-1,11200,10600,0,0185,0001,202501,서울특별시 성동구 사근동8길 11 (사근동) ,1,112004109293,0,11,0,4401
서울특별시 성동구 사근동 185-1,11200,10600,0,0185,0001,202502,서울특별시 성동구 사근동8길 11 (사근동) ,1,112004109293,0,11,0,4570
서울특별시 성동구 사근동 185-1,11200,10600,0,0185,0001,202503,서울특별시 성동구 사근동8길 11 (사근동) ,1,112004109293,0,11,0,3408
서울특별시 성동구 사근동 185-1,11200,10600,0,0185,0001,202504,서울특별시 성동구 사근동8길 11 (사근동) ,1,112004109293,0,11,0,2943
서울특별시 성동구 사근동 185-1,11200,10600,0,0185,0001,202505,서울특별시 성동구 사근동8길 11 (사근동) ,1,112004109293,0,11,0,3081
서울특별시 성동구 사근동 185-1,11200,10600,0,0185,0001,202506,서울특별시 성동구 사근동8길 11 (사근동) ,1,112004109293,0,11,0,3604
서울특별시 성동구 사근동 185-1,11200,10600,0,0185,0001,202507,서울특별시 성동구 사근동8길 11 (사근동) ,1,112004109293,0,11,0,4679
서울특별시 성동구 사근동 185-1,11200,10600,0,0185,0001,202508,서울특별시 성동구 사근동8길 11 (사근동) ,1,112004109293,0,11,0,5694
서울특별시 성동구 사근동 185-1,11200,10600,0,0185,0001,202509,서울특별시 성동구 사근동8길 11 (사근동) ,1,112004109293,0,11,0,5552
서울특별시 성동구 사근동 190-1,11200,10600,0,0190,0001,202501,서울특별시 성동구 사근동10길 14 (사근동) ,1,112004109282,0,14,0,4971
서울특별시 성동구 사근동 190-1,11200,10600,0,0190,0001,202502,서울특별시 성동구 사근동10길 14 (사근동) ,1,112004109282,0,14,0,4859
서울특별시 성동구 사근동 190-1,11200,10600,0,0190,0001,202503,서울특별시 성동구 사근동10길 14 (사근동) ,1,112004109282,0,14,0,4202
서울특별시 성동구 사근동 190-1,11200,10600,0,0190,0001,202504,서울특별시 성동구 사근동10길 14 (사근동) ,1,112004109282,0,14,0,4960
서울특별시 성동구 사근동 190-1,11200,10600,0,0190,0001,202505,서울특별시 성동구 사근동10길 14 (사근동) ,1,112004109282,0,14,0,4650
서울특별시 성동구 사근동 190-1,11200,10600,0,0190,0001,202506,서울특별시 성동구 사근동10길 14 (사근동) ,1,112004109282,0,14,0,5872
서울특별시 성동구 사근동 190-1,11200,10600,0,0190,0001,202507,서울특별시 성동구 사근동10길 14 (사근동) ,1,112004109282,0,14,0,7512
서울특별시 성동구 사근동 190-1,11200,10600,0,0190,0001,202508,서울특별시 성동구 사근동10길 14 (사근동) ,1,112004109282,0,14,0,9122
서울특별시 성동구 사근동 190-1,11200,10600,0,0190,0001,202509,서울특별시 성동구 사근동10길 14 (사근동) ,1,112004109282,0,14,0,8873
서울특별시 성동구 사근동 190-11,11200,10600,0,0190,0011,202501,서울특별시 성동구 사근동10길 16 (사근동) ,1,112004109282,0,16,0,8735
서울특별시 성동구 사근동 190-11,11200,10600,0,0190,0011,202502,서울특별시 성동구 사근동10길 16 (사근동) ,1,112004109282,0,16,0,8618
서울특별시 성동구 사근동 190-11,11200,10600,0,0190,0011,202503,서울특별시 성동구 사근동10길 16 (사근동) ,1,112004109282,0,16,0,7397
서울특별시 성동구 사근동 190-11,11200,10600,0,0190,0011,202504,서울특별시 성동구 사근동10길 16 (사근동) ,1,112004109282,0,16,0,8004
서울특별시 성동구 사근동 190-11,11200,10600,0,0190,0011,202505,서울특별시 성동구 사근동10길 16 (사근동) ,1,112004109282,0,16,0,7905
서울특별시 성동구 사근동 190-11,11200,10600,0,0190,0011,202506,서울특별시 성동구 사근동10길 16 (사근동) ,1,112004109282,0,16,0,9585
서울특별시 성동구 사근동 190-11,11200,10600,0,0190,0011,202507,서울특별시 성동구 사근동10길 16 (사근동) ,1,112004109282,0,16,0,11514
서울특별시 성동구 사근동 190-11,11200,10600,0,0190,0011,202508,서울특별시 성동구 사근동10길 16 (사근동) ,1,112004109282,0,16,0,12688
서울특별시 성동구 사근동 190-11,11200,10600,0,0190,0011,202509,서울특별시 성동구 사근동10길 16 (사근동) ,1,112004109282,0,16,0,12409
서울특별시 성동구 사근동 193-2,11200,10600,0,0193,0002,202501,서울특별시 성동구 사근동10길 20-5 (사근동) ,1,112004109282,0,20,5,270
서울특별시 성동구 사근동 193-2,11200,10600,0,0193,0002,202502,서울특별시 성동구 사근동10길 20-5 (사근동) ,1,112004109282,0,20,5,284
서울특별시 성동구 사근동 193-2,11200,10600,0,0193,0002,202503,서울특별시 성동구 사근동10길 20-5 (사근동) ,1,112004109282,0,20,5,249
서울특별시 성동구 사근동 193-2,11200,10600,0,0193,0002,202504,서울특별시 성동구 사근동10길 20-5 (사근동) ,1,112004109282,0,20,5,269
서울특별시 성동구 사근동 193-2,11200,10600,0,0193,0002,202505,서울특별시 성동구 사근동10길 20-5 (사근동) ,1,112004109282,0,20,5,260
서울특별시 성동구 사근동 193-2,11200,10600,0,0193,0002,202506,서울특별시 성동구 사근동10길 20-5 (사근동) ,1,112004109282,0,20,5,267
서울특별시 성동구 사근동 193-2,11200,10600,0,0193,0002,202507,서울특별시 성동구 사근동10길 20-5 (사근동) ,1,112004109282,0,20,5,337
서울특별시 성동구 사근동 193-2,11200,10600,0,0193,0002,202508,서울특별시 성동구 사근동10길 20-5 (사근동) ,1,112004109282,0,20,5,456
서울특별시 성동구 사근동 193-2,11200,10600,0,0193,0002,202509,서울특별시 성동구 사근동10길 20-5 (사근동) ,1,112004109282,0,20,5,389
서울특별시 성동구 사근동 193-13,11200,10600,0,0193,0013,202501,,1,,,,,371
서울특별시 성동구 사근동 193-13,11200,10600,0,0193,0013,202502,,1,,,,,280
서울특별시 성동구 사근동 193-13,11200,10600,0,0193,0013,202503,,1,,,,,229
서울특별시 성동구 사근동 193-13,11200,10600,0,0193,0013,202504,,1,,,,,199
서울특별시 성동구 사근동 193-13,11200,10600,0,0193,0013,202505,,1,,,,,300
서울특별시 성동구 사근동 193-13,11200,10600,0,0193,0013,202506,,1,,,,,675
서울특별시 성동구 사근동 193-13,11200,10600,0,0193,0013,202507,,1,,,,,407
서울특별시 성동구 사근동 193-13,11200,10600,0,0193,0013,202508,,1,,,,,563
서울특별시 성동구 사근동 193-13,11200,10600,0,0193,0013,202509,,1,,,,,718
서울특별시 성동구 사근동 193-44,11200,10600,0,0193,0044,202501,서울특별시 성동구 사근동10가길 5 (사근동) ,1,112004109281,0,5,0,407
서울특별시 성동구 사근동 193-44,11200,10600,0,0193,0044,202502,서울특별시 성동구 사근동10가길 5 (사근동) ,1,112004109281,0,5,0,513
서울특별시 성동구 사근동 193-44,11200,10600,0,0193,0044,202503,서울특별시 성동구 사근동10가길 5 (사근동) ,1,112004109281,0,5,0,424
서울특별시 성동구 사근동 193-44,11200,10600,0,0193,0044,202504,서울특별시 성동구 사근동10가길 5 (사근동) ,1,112004109281,0,5,0,287
서울특별시 성동구 사근동 193-44,11200,10600,0,0193,0044,202505,서울특별시 성동구 사근동10가길 5 (사근동) ,1,112004109281,0,5,0,227
서울특별시 성동구 사근동 193-44,11200,10600,0,0193,0044,202506,서울특별시 성동구 사근동10가길 5 (사근동) ,1,112004109281,0,5,0,227
서울특별시 성동구 사근동 193-44,11200,10600,0,0193,0044,202507,서울특별시 성동구 사근동10가길 5 (사근동) ,1,112004109281,0,5,0,247
서울특별시 성동구 사근동 193-44,11200,10600,0,0193,0044,202508,서울특별시 성동구 사근동10가길 5 (사근동) ,1,112004109281,0,5,0,281
서울특별시 성동구 사근동 193-44,11200,10600,0,0193,0044,202509,서울특별시 성동구 사근동10가길 5 (사근동) ,1,112004109281,0,5,0,270
서울특별시 성동구 사근동 196,11200,10600,0,0196,0000,202501,,1,,,,,49584
서울특별시 성동구 사근동 196,11200,10600,0,0196,0000,202502,,1,,,,,52858
서울특별시 성동구 사근동 196,11200,10600,0,0196,0000,202503,,1,,,,,45462
서울특별시 성동구 사근동 196,11200,10600,0,0196,0000,202504,,1,,,,,46156
서울특별시 성동구 사근동 196,11200,10600,0,0196,0000,202505,,1,,,,,42796
서울특별시 성동구 사근동 196,11200,10600,0,0196,0000,202506,,1,,,,,43995
서울특별시 성동구 사근동 196,11200,10600,0,0196,0000,202507,,1,,,,,53782
서울특별시 성동구 사근동 196,11200,10600,0,0196,0000,202508,,1,,,,,73212
서울특별시 성동구 사근동 196,11200,10600,0,0196,0000,202509,,1,,,,,67364
서울특별시 성동구 사근동 196-4,11200,10600,0,0196,0004,202501,서울특별시 성동구 살곶이길 188 (사근동) ,1,112004109304,0,188,0,3147
서울특별시 성동구 사근동 196-4,11200,10600,0,0196,0004,202502,서울특별시 성동구 살곶이길 188 (사근동) ,1,112004109304,0,188,0,2818
서울특별시 성동구 사근동 196-4,11200,10600,0,0196,0004,202503,서울특별시 성동구 살곶이길 188 (사근동) ,1,112004109304,0,188,0,3783
서울특별시 성동구 사근동 196-4,11200,10600,0,0196,0004,202504,서울특별시 성동구 살곶이길 188 (사근동) ,1,112004109304,0,188,0,3912
서울특별시 성동구 사근동 196-4,11200,10600,0,0196,0004,202505,서울특별시 성동구 살곶이길 188 (사근동) ,1,112004109304,0,188,0,4199
서울특별시 성동구 사근동 196-4,11200,10600,0,0196,0004,202506,서울특별시 성동구 살곶이길 188 (사근동) ,1,112004109304,0,188,0,4589
서울특별시 성동구 사근동 196-4,11200,10600,0,0196,0004,202507,서울특별시 성동구 살곶이길 188 (사근동) ,1,112004109304,0,188,0,5064
서울특별시 성동구 사근동 196-4,11200,10600,0,0196,0004,202508,서울특별시 성동구 살곶이길 188 (사근동) ,1,112004109304,0,188,0,4654
서울특별시 성동구 사근동 196-4,11200,10600,0,0196,0004,202509,서울특별시 성동구 살곶이길 188 (사근동) ,1,112004109304,0,188,0,4295
서울특별시 성동구 사근동 198-5,11200,10600,0,0198,0005,202501,서울특별시 성동구 사근동길 74 (사근동) ,1,112004109297,0,74,0,249
서울특별시 성동구 사근동 198-5,11200,10600,0,0198,0005,202502,서울특별시 성동구 사근동길 72 (사근동) ,1,112004109297,0,72,0,168
서울특별시 성동구 사근동 198-5,11200,10600,0,0198,0005,202503,서울특별시 성동구 사근동길 72 (사근동) ,1,112004109297,0,72,0,159
서울특별시 성동구 사근동 198-5,11200,10600,0,0198,0005,202504,서울특별시 성동구 사근동길 74 (사근동) ,1,112004109297,0,74,0,153
서울특별시 성동구 사근동 198-5,11200,10600,0,0198,0005,202505,서울특별시 성동구 사근동길 72 (사근동) ,1,112004109297,0,72,0,136
서울특별시 성동구 사근동 198-5,11200,10600,0,0198,0005,202506,서울특별시 성동구 사근동길 74 (사근동) ,1,112004109297,0,74,0,111
서울특별시 성동구 사근동 198-5,11200,10600,0,0198,0005,202507,서울특별시 성동구 사근동길 74 (사근동) ,1,112004109297,0,74,0,123
서울특별시 성동구 사근동 198-5,11200,10600,0,0198,0005,202508,서울특별시 성동구 사근동길 72 (사근동) ,1,112004109297,0,72,0,152
서울특별시 성동구 사근동 198-5,11200,10600,0,0198,0005,202509,서울특별시 성동구 사근동길 72 (사근동) ,1,112004109297,0,72,0,159
서울특별시 성동구 사근동 198-7,11200,10600,0,0198,0007,202501,서울특별시 성동구 사근동10길 9 (사근동) ,1,112004109282,0,9,0,17384
서울특별시 성동구 사근동 198-7,11200,10600,0,0198,0007,202502,서울특별시 성동구 사근동10길 9 (사근동) ,1,112004109282,0,9,0,18625
서울특별시 성동구 사근동 198-7,11200,10600,0,0198,0007,202503,서울특별시 성동구 사근동10길 9 (사근동) ,1,112004109282,0,9,0,17326
서울특별시 성동구 사근동 198-7,11200,10600,0,0198,0007,202504,서울특별시 성동구 사근동10길 9 (사근동) ,1,112004109282,0,9,0,12174
서울특별시 성동구 사근동 198-7,11200,10600,0,0198,0007,202505,서울특별시 성동구 사근동10길 9 (사근동) ,1,112004109282,0,9,0,5228
서울특별시 성동구 사근동 198-7,11200,10600,0,0198,0007,202506,서울특별시 성동구 사근동10길 9 (사근동) ,1,112004109282,0,9,0,4527
서울특별시 성동구 사근동 198-7,11200,10600,0,0198,0007,202507,서울특별시 성동구 사근동10길 9 (사근동) ,1,112004109282,0,9,0,7209
서울특별시 성동구 사근동 198-7,11200,10600,0,0198,0007,202508,서울특별시 성동구 사근동10길 9 (사근동) ,1,112004109282,0,9,0,7944
서울특별시 성동구 사근동 198-7,11200,10600,0,0198,0007,202509,서울특별시 성동구 사근동10길 9 (사근동) ,1,112004109282,0,9,0,5620
서울특별시 성동구 사근동 199,11200,10600,0,0199,0000,202501,서울특별시 성동구 사근동길 67 (사근동) ,1,112004109297,0,67,0,103530
서울특별시 성동구 사근동 199,11200,10600,0,0199,0000,202502,서울특별시 성동구 사근동길 67 (사근동) ,1,112004109297,0,67,0,104179
서울특별시 성동구 사근동 199,11200,10600,0,0199,0000,202503,서울특별시 성동구 사근동길 67 (사근동) ,1,112004109297,0,67,0,88753
서울특별시 성동구 사근동 199,11200,10600,0,0199,0000,202504,서울특별시 성동구 사근동길 67 (사근동) ,1,112004109297,0,67,0,94793
서울특별시 성동구 사근동 199,11200,10600,0,0199,0000,202505,서울특별시 성동구 사근동길 67 (사근동) ,1,112004109297,0,67,0,91211
서울특별시 성동구 사근동 199,11200,10600,0,0199,0000,202506,서울특별시 성동구 사근동길 67 (사근동) ,1,112004109297,0,67,0,104403
서울특별시 성동구 사근동 199,11200,10600,0,0199,0000,202507,서울특별시 성동구 사근동길 65 (사근동) ,1,112004109297,0,65,0,135747
서울특별시 성동구 사근동 199,11200,10600,0,0199,0000,202508,서울특별시 성동구 사근동길 65 (사근동) ,1,112004109297,0,65,0,161408
서울특별시 성동구 사근동 199,11200,10600,0,0199,0000,202509,서울특별시 성동구 사근동길 65 (사근동) ,1,112004109297,0,65,0,129272
서울특별시 성동구 사근동 200-5,11200,10600,0,0200,0005,202501,서울특별시 성동구 사근동길 68 (사근동) ,1,112004109297,0,68,0,7989
서울특별시 성동구 사근동 200-5,11200,10600,0,0200,0005,202502,서울특별시 성동구 사근동길 68 (사근동) ,1,112004109297,0,68,0,7807
서울특별시 성동구 사근동 200-5,11200,10600,0,0200,0005,202503,서울특별시 성동구 사근동길 68 (사근동) ,1,112004109297,0,68,0,7393
서울특별시 성동구 사근동 200-5,11200,10600,0,0200,0005,202504,서울특별시 성동구 사근동길 68 (사근동) ,1,112004109297,0,68,0,6944
서울특별시 성동구 사근동 200-5,11200,10600,0,0200,0005,202505,서울특별시 성동구 사근동길 68 (사근동) ,1,112004109297,0,68,0,7366
서울특별시 성동구 사근동 200-5,11200,10600,0,0200,0005,202506,서울특별시 성동구 사근동길 68 (사근동) ,1,112004109297,0,68,0,9110
서울특별시 성동구 사근동 200-5,11200,10600,0,0200,0005,202507,서울특별시 성동구 사근동길 68 (사근동) ,1,112004109297,0,68,0,11601
서울특별시 성동구 사근동 200-5,11200,10600,0,0200,0005,202508,서울특별시 성동구 사근동길 68 (사근동) ,1,112004109297,0,68,0,13624
서울특별시 성동구 사근동 200-5,11200,10600,0,0200,0005,202509,서울특별시 성동구 사근동길 68 (사근동) ,1,112004109297,0,68,0,13791
서울특별시 성동구 사근동 200-9,11200,10600,0,0200,0009,202501,서울특별시 성동구 사근동12길 1 (사근동) ,1,112004109287,0,1,0,831
서울특별시 성동구 사근동 200-9,11200,10600,0,0200,0009,202502,서울특별시 성동구 사근동12길 1 (사근동) ,1,112004109287,0,1,0,628
서울특별시 성동구 사근동 200-9,11200,10600,0,0200,0009,202503,서울특별시 성동구 사근동12길 1 (사근동) ,1,112004109287,0,1,0,559
서울특별시 성동구 사근동 200-9,11200,10600,0,0200,0009,202504,서울특별시 성동구 사근동12길 1 (사근동) ,1,112004109287,0,1,0,633
서울특별시 성동구 사근동 200-9,11200,10600,0,0200,0009,202505,서울특별시 성동구 사근동12길 1 (사근동) ,1,112004109287,0,1,0,665
서울특별시 성동구 사근동 200-9,11200,10600,0,0200,0009,202506,서울특별시 성동구 사근동12길 1 (사근동) ,1,112004109287,0,1,0,786
서울특별시 성동구 사근동 200-9,11200,10600,0,0200,0009,202507,서울특별시 성동구 사근동12길 1 (사근동) ,1,112004109287,0,1,0,941
서울특별시 성동구 사근동 200-9,11200,10600,0,0200,0009,202508,서울특별시 성동구 사근동12길 1 (사근동) ,1,112004109287,0,1,0,1349
서울특별시 성동구 사근동 200-9,11200,10600,0,0200,0009,202509,서울특별시 성동구 사근동12길 1 (사근동) ,1,112004109287,0,1,0,1255
서울특별시 성동구 사근동 204-2,11200,10600,0,0204,0002,202501,서울특별시 성동구 사근동길 61 (사근동) ,1,112004109297,0,61,0,8292
서울특별시 성동구 사근동 204-2,11200,10600,0,0204,0002,202502,서울특별시 성동구 사근동길 61 (사근동) ,1,112004109297,0,61,0,8326
서울특별시 성동구 사근동 204-2,11200,10600,0,0204,0002,202503,서울특별시 성동구 사근동길 61 (사근동) ,1,112004109297,0,61,0,7052
서울특별시 성동구 사근동 204-2,11200,10600,0,0204,0002,202504,서울특별시 성동구 사근동길 61 (사근동) ,1,112004109297,0,61,0,7342
서울특별시 성동구 사근동 204-2,11200,10600,0,0204,0002,202505,서울특별시 성동구 사근동길 61 (사근동) ,1,112004109297,0,61,0,6794
서울특별시 성동구 사근동 204-2,11200,10600,0,0204,0002,202506,서울특별시 성동구 사근동길 61 (사근동) ,1,112004109297,0,61,0,7948
서울특별시 성동구 사근동 204-2,11200,10600,0,0204,0002,202507,서울특별시 성동구 사근동길 61 (사근동) ,1,112004109297,0,61,0,9937
서울특별시 성동구 사근동 204-2,11200,10600,0,0204,0002,202508,서울특별시 성동구 사근동길 61 (사근동) ,1,112004109297,0,61,0,12303
서울특별시 성동구 사근동 204-2,11200,10600,0,0204,0002,202509,서울특별시 성동구 사근동길 61 (사근동) ,1,112004109297,0,61,0,12013
서울특별시 성동구 사근동 204-3,11200,10600,0,0204,0003,202501,서울특별시 성동구 사근동길 59 (사근동) ,1,112004109297,0,59,0,6472
서울특별시 성동구 사근동 204-3,11200,10600,0,0204,0003,202502,서울특별시 성동구 사근동길 59 (사근동) ,1,112004109297,0,59,0,6567
서울특별시 성동구 사근동 204-3,11200,10600,0,0204,0003,202503,서울특별시 성동구 사근동길 59 (사근동) ,1,112004109297,0,59,0,5876
서울특별시 성동구 사근동 204-3,11200,10600,0,0204,0003,202504,서울특별시 성동구 사근동길 59 (사근동) ,1,112004109297,0,59,0,6348
서울특별시 성동구 사근동 204-3,11200,10600,0,0204,0003,202505,서울특별시 성동구 사근동길 59 (사근동) ,1,112004109297,0,59,0,5740
서울특별시 성동구 사근동 204-3,11200,10600,0,0204,0003,202506,서울특별시 성동구 사근동길 59 (사근동) ,1,112004109297,0,59,0,6137
서울특별시 성동구 사근동 204-3,11200,10600,0,0204,0003,202507,서울특별시 성동구 사근동길 59 (사근동) ,1,112004109297,0,59,0,7582
서울특별시 성동구 사근동 204-3,11200,10600,0,0204,0003,202508,서울특별시 성동구 사근동길 59 (사근동) ,1,112004109297,0,59,0,9420
서울특별시 성동구 사근동 204-3,11200,10600,0,0204,0003,202509,서울특별시 성동구 사근동길 59 (사근동) ,1,112004109297,0,59,0,9724
서울특별시 성동구 사근동 204-8,11200,10600,0,0204,0008,202501,서울특별시 성동구 사근동길 63-1 (사근동) ,1,112004109297,0,63,1,3006
서울특별시 성동구 사근동 204-8,11200,10600,0,0204,0008,202502,서울특별시 성동구 사근동길 63-1 (사근동) ,1,112004109297,0,63,1,2819
서울특별시 성동구 사근동 204-8,11200,10600,0,0204,0008,202503,서울특별시 성동구 사근동길 63-1 (사근동) ,1,112004109297,0,63,1,2676
서울특별시 성동구 사근동 204-8,11200,10600,0,0204,0008,202504,서울특별시 성동구 사근동길 63-1 (사근동) ,1,112004109297,0,63,1,2778
서울특별시 성동구 사근동 204-8,11200,10600,0,0204,0008,202505,서울특별시 성동구 사근동길 63-1 (사근동) ,1,112004109297,0,63,1,2738
서울특별시 성동구 사근동 204-8,11200,10600,0,0204,0008,202506,서울특별시 성동구 사근동길 63-1 (사근동) ,1,112004109297,0,63,1,2919
서울특별시 성동구 사근동 204-8,11200,10600,0,0204,0008,202507,서울특별시 성동구 사근동길 63-1 (사근동) ,1,112004109297,0,63,1,3903
서울특별시 성동구 사근동 204-8,11200,10600,0,0204,0008,202508,서울특별시 성동구 사근동길 63-1 (사근동) ,1,112004109297,0,63,1,5177
서울특별시 성동구 사근동 204-8,11200,10600,0,0204,0008,202509,서울특별시 성동구 사근동길 63-1 (사근동) ,1,112004109297,0,63,1,4695
서울특별시 성동구 사근동 204-11,11200,10600,0,0204,0011,202501,서울특별시 성동구 사근동길 66 (사근동) ,1,112004109297,0,66,0,6655
서울특별시 성동구 사근동 204-11,11200,10600,0,0204,0011,202502,서울특별시 성동구 사근동길 66 (사근동) ,1,112004109297,0,66,0,6478
서울특별시 성동구 사근동 204-11,11200,10600,0,0204,0011,202503,서울특별시 성동구 사근동길 66 (사근동) ,1,112004109297,0,66,0,6029
서울특별시 성동구 사근동 204-11,11200,10600,0,0204,0011,202504,서울특별시 성동구 사근동길 66 (사근동) ,1,112004109297,0,66,0,5785
서울특별시 성동구 사근동 204-11,11200,10600,0,0204,0011,202505,서울특별시 성동구 사근동길 66 (사근동) ,1,112004109297,0,66,0,5346
서울특별시 성동구 사근동 204-11,11200,10600,0,0204,0011,202506,서울특별시 성동구 사근동길 66 (사근동) ,1,112004109297,0,66,0,5514
서울특별시 성동구 사근동 204-11,11200,10600,0,0204,0011,202507,서울특별시 성동구 사근동길 66 (사근동) ,1,112004109297,0,66,0,5922
서울특별시 성동구 사근동 204-11,11200,10600,0,0204,0011,202508,서울특별시 성동구 사근동길 66 (사근동) ,1,112004109297,0,66,0,6438
서울특별시 성동구 사근동 204-11,11200,10600,0,0204,0011,202509,서울특별시 성동구 사근동길 66 (사근동) ,1,112004109297,0,66,0,6566
서울특별시 성동구 사근동 204-13,11200,10600,0,0204,0013,202501,서울특별시 성동구 사근동11길 3 (사근동) ,1,112004109284,0,3,0,1565
서울특별시 성동구 사근동 204-13,11200,10600,0,0204,0013,202502,서울특별시 성동구 사근동11길 3 (사근동) ,1,112004109284,0,3,0,1387
서울특별시 성동구 사근동 204-13,11200,10600,0,0204,0013,202503,서울특별시 성동구 사근동11길 3 (사근동) ,1,112004109284,0,3,0,1257
서울특별시 성동구 사근동 204-13,11200,10600,0,0204,0013,202504,서울특별시 성동구 사근동11길 3 (사근동) ,1,112004109284,0,3,0,1334
서울특별시 성동구 사근동 204-13,11200,10600,0,0204,0013,202505,서울특별시 성동구 사근동11길 3 (사근동) ,1,112004109284,0,3,0,1336
서울특별시 성동구 사근동 204-13,11200,10600,0,0204,0013,202506,서울특별시 성동구 사근동11길 3 (사근동) ,1,112004109284,0,3,0,1482
서울특별시 성동구 사근동 204-13,11200,10600,0,0204,0013,202507,서울특별시 성동구 사근동11길 3 (사근동) ,1,112004109284,0,3,0,1884
서울특별시 성동구 사근동 204-13,11200,10600,0,0204,0013,202508,서울특별시 성동구 사근동11길 3 (사근동) ,1,112004109284,0,3,0,2413
서울특별시 성동구 사근동 204-13,11200,10600,0,0204,0013,202509,서울특별시 성동구 사근동11길 3 (사근동) ,1,112004109284,0,3,0,2149
서울특별시 성동구 사근동 210-1,11200,10600,0,0210,0001,202501,서울특별시 성동구 사근동길 55 (사근동) ,1,112004109297,0,55,0,4177
서울특별시 성동구 사근동 210-1,11200,10600,0,0210,0001,202502,서울특별시 성동구 사근동길 55 (사근동) ,1,112004109297,0,55,0,4514
서울특별시 성동구 사근동 210-1,11200,10600,0,0210,0001,202503,서울특별시 성동구 사근동길 55 (사근동) ,1,112004109297,0,55,0,3981
서울특별시 성동구 사근동 210-1,11200,10600,0,0210,0001,202504,서울특별시 성동구 사근동길 55 (사근동) ,1,112004109297,0,55,0,4128
서울특별시 성동구 사근동 210-1,11200,10600,0,0210,0001,202505,서울특별시 성동구 사근동길 55 (사근동) ,1,112004109297,0,55,0,4033
서울특별시 성동구 사근동 210-1,11200,10600,0,0210,0001,202506,서울특별시 성동구 사근동길 55 (사근동) ,1,112004109297,0,55,0,4316
서울특별시 성동구 사근동 210-1,11200,10600,0,0210,0001,202507,서울특별시 성동구 사근동길 55 (사근동) ,1,112004109297,0,55,0,4611
서울특별시 성동구 사근동 210-1,11200,10600,0,0210,0001,202508,서울특별시 성동구 사근동길 55 (사근동) ,1,112004109297,0,55,0,5334
서울특별시 성동구 사근동 210-1,11200,10600,0,0210,0001,202509,서울특별시 성동구 사근동길 55 (사근동) ,1,112004109297,0,55,0,4967
서울특별시 성동구 사근동 210-8,11200,10600,0,0210,0008,202501,서울특별시 성동구 사근동7길 9-24 (사근동) ,1,112004109291,0,9,24,674
서울특별시 성동구 사근동 210-8,11200,10600,0,0210,0008,202502,서울특별시 성동구 사근동7길 9-24 (사근동) ,1,112004109291,0,9,24,667
서울특별시 성동구 사근동 210-8,11200,10600,0,0210,0008,202503,서울특별시 성동구 사근동7길 9-24 (사근동) ,1,112004109291,0,9,24,497
서울특별시 성동구 사근동 210-8,11200,10600,0,0210,0008,202504,서울특별시 성동구 사근동7길 9-24 (사근동) ,1,112004109291,0,9,24,459
서울특별시 성동구 사근동 210-8,11200,10600,0,0210,0008,202505,서울특별시 성동구 사근동7길 9-24 (사근동) ,1,112004109291,0,9,24,369
서울특별시 성동구 사근동 210-8,11200,10600,0,0210,0008,202506,서울특별시 성동구 사근동7길 9-24 (사근동) ,1,112004109291,0,9,24,348
서울특별시 성동구 사근동 210-8,11200,10600,0,0210,0008,202507,서울특별시 성동구 사근동7길 9-24 (사근동) ,1,112004109291,0,9,24,366
서울특별시 성동구 사근동 210-8,11200,10600,0,0210,0008,202508,서울특별시 성동구 사근동7길 9-24 (사근동) ,1,112004109291,0,9,24,260
서울특별시 성동구 사근동 210-8,11200,10600,0,0210,0008,202509,서울특별시 성동구 사근동7길 9-24 (사근동) ,1,112004109291,0,9,24,451
서울특별시 성동구 사근동 212-31,11200,10600,0,0212,0031,202501,서울특별시 성동구 사근동9가길 23 (사근동) ,1,112004109295,0,23,0,7223
서울특별시 성동구 사근동 212-31,11200,10600,0,0212,0031,202502,서울특별시 성동구 사근동9가길 23 (사근동) ,1,112004109295,0,23,0,7223
서울특별시 성동구 사근동 212-31,11200,10600,0,0212,0031,202503,서울특별시 성동구 사근동9가길 23 (사근동) ,1,112004109295,0,23,0,7183
서울특별시 성동구 사근동 212-31,11200,10600,0,0212,0031,202504,서울특별시 성동구 사근동9가길 23 (사근동) ,1,112004109295,0,23,0,4314
서울특별시 성동구 사근동 212-31,11200,10600,0,0212,0031,202505,서울특별시 성동구 사근동9가길 23 (사근동) ,1,112004109295,0,23,0,2634
서울특별시 성동구 사근동 212-31,11200,10600,0,0212,0031,202506,서울특별시 성동구 사근동9가길 23 (사근동) ,1,112004109295,0,23,0,2408
서울특별시 성동구 사근동 212-31,11200,10600,0,0212,0031,202507,서울특별시 성동구 사근동9가길 23 (사근동) ,1,112004109295,0,23,0,3117
서울특별시 성동구 사근동 212-31,11200,10600,0,0212,0031,202508,서울특별시 성동구 사근동9가길 23 (사근동) ,1,112004109295,0,23,0,5253
서울특별시 성동구 사근동 212-31,11200,10600,0,0212,0031,202509,서울특별시 성동구 사근동9가길 23 (사근동) ,1,112004109295,0,23,0,4404
서울특별시 성동구 사근동 217-3,11200,10600,0,0217,0003,202501,서울특별시 성동구 사근동11길 7 (사근동) ,1,112004109284,0,7,0,2349
서울특별시 성동구 사근동 217-3,11200,10600,0,0217,0003,202502,서울특별시 성동구 사근동11길 7 (사근동) ,1,112004109284,0,7,0,2598
서울특별시 성동구 사근동 217-3,11200,10600,0,0217,0003,202503,서울특별시 성동구 사근동11길 7 (사근동) ,1,112004109284,0,7,0,2339
서울특별시 성동구 사근동 217-3,11200,10600,0,0217,0003,202504,서울특별시 성동구 사근동11길 7 (사근동) ,1,112004109284,0,7,0,2108
서울특별시 성동구 사근동 217-3,11200,10600,0,0217,0003,202505,서울특별시 성동구 사근동11길 7 (사근동) ,1,112004109284,0,7,0,2290
서울특별시 성동구 사근동 217-3,11200,10600,0,0217,0003,202506,서울특별시 성동구 사근동11길 7 (사근동) ,1,112004109284,0,7,0,2839
서울특별시 성동구 사근동 217-3,11200,10600,0,0217,0003,202507,서울특별시 성동구 사근동11길 7 (사근동) ,1,112004109284,0,7,0,3386
서울특별시 성동구 사근동 217-3,11200,10600,0,0217,0003,202508,서울특별시 성동구 사근동11길 7 (사근동) ,1,112004109284,0,7,0,4230
서울특별시 성동구 사근동 217-3,11200,10600,0,0217,0003,202509,서울특별시 성동구 사근동11길 7 (사근동) ,1,112004109284,0,7,0,4351
서울특별시 성동구 사근동 223-22,11200,10600,0,0223,0022,202501,서울특별시 성동구 사근동길 37 (사근동) ,1,112004109297,0,37,0,25398
서울특별시 성동구 사근동 223-22,11200,10600,0,0223,0022,202502,서울특별시 성동구 사근동길 37 (사근동) ,1,112004109297,0,37,0,24965
서울특별시 성동구 사근동 223-22,11200,10600,0,0223,0022,202503,서울특별시 성동구 사근동길 37 (사근동) ,1,112004109297,0,37,0,20661
서울특별시 성동구 사근동 223-22,11200,10600,0,0223,0022,202504,서울특별시 성동구 사근동길 37 (사근동) ,1,112004109297,0,37,0,18799
서울특별시 성동구 사근동 223-22,11200,10600,0,0223,0022,202505,서울특별시 성동구 사근동길 37 (사근동) ,1,112004109297,0,37,0,14940
서울특별시 성동구 사근동 223-22,11200,10600,0,0223,0022,202506,서울특별시 성동구 사근동길 37 (사근동) ,1,112004109297,0,37,0,15617
서울특별시 성동구 사근동 223-22,11200,10600,0,0223,0022,202507,서울특별시 성동구 사근동길 37 (사근동) ,1,112004109297,0,37,0,19663
서울특별시 성동구 사근동 223-22,11200,10600,0,0223,0022,202508,서울특별시 성동구 사근동길 37 (사근동) ,1,112004109297,0,37,0,21848
서울특별시 성동구 사근동 223-22,11200,10600,0,0223,0022,202509,서울특별시 성동구 사근동길 37 (사근동) ,1,112004109297,0,37,0,21226
서울특별시 성동구 사근동 226,11200,10600,0,0226,0000,202501,,1,,,,,219
서울특별시 성동구 사근동 226,11200,10600,0,0226,0000,202502,,1,,,,,264
서울특별시 성동구 사근동 226,11200,10600,0,0226,0000,202503,,1,,,,,181
서울특별시 성동구 사근동 226,11200,10600,0,0226,0000,202504,,1,,,,,196
서울특별시 성동구 사근동 226,11200,10600,0,0226,0000,202505,,1,,,,,126
서울특별시 성동구 사근동 226,11200,10600,0,0226,0000,202506,,1,,,,,127
서울특별시 성동구 사근동 226,11200,10600,0,0226,0000,202507,,1,,,,,152
서울특별시 성동구 사근동 226,11200,10600,0,0226,0000,202508,,1,,,,,213
서울특별시 성동구 사근동 226,11200,10600,0,0226,0000,202509,,1,,,,,173
서울특별시 성동구 사근동 226-6,11200,10600,0,0226,0006,202501,서울특별시 성동구 살곶이2길 27-10 (사근동) ,1,112004109299,0,27,10,2243
서울특별시 성동구 사근동 226-6,11200,10600,0,0226,0006,202502,서울특별시 성동구 살곶이2길 27-10 (사근동) ,1,112004109299,0,27,10,3146
서울특별시 성동구 사근동 226-6,11200,10600,0,0226,0006,202503,서울특별시 성동구 살곶이2길 27-10 (사근동) ,1,112004109299,0,27,10,2818
서울특별시 성동구 사근동 226-6,11200,10600,0,0226,0006,202504,서울특별시 성동구 살곶이2길 27-10 (사근동) ,1,112004109299,0,27,10,2099
서울특별시 성동구 사근동 226-6,11200,10600,0,0226,0006,202505,서울특별시 성동구 살곶이2길 27-10 (사근동) ,1,112004109299,0,27,10,1844
서울특별시 성동구 사근동 226-6,11200,10600,0,0226,0006,202506,서울특별시 성동구 살곶이2길 27-10 (사근동) ,1,112004109299,0,27,10,1816
서울특별시 성동구 사근동 226-6,11200,10600,0,0226,0006,202507,서울특별시 성동구 살곶이2길 27-10 (사근동) ,1,112004109299,0,27,10,2431
서울특별시 성동구 사근동 226-6,11200,10600,0,0226,0006,202508,서울특별시 성동구 살곶이2길 27-10 (사근동) ,1,112004109299,0,27,10,3249
서울특별시 성동구 사근동 226-6,11200,10600,0,0226,0006,202509,서울특별시 성동구 살곶이2길 27-10 (사근동) ,1,112004109299,0,27,10,3347
서울특별시 성동구 사근동 226-8,11200,10600,0,0226,0008,202501,서울특별시 성동구 사근동11길 33-8 (사근동) ,1,112004109284,0,33,8,7589
서울특별시 성동구 사근동 226-8,11200,10600,0,0226,0008,202502,서울특별시 성동구 사근동11길 33-8 (사근동) ,1,112004109284,0,33,8,7397
서울특별시 성동구 사근동 226-8,11200,10600,0,0226,0008,202503,서울특별시 성동구 사근동11길 33-8 (사근동) ,1,112004109284,0,33,8,6642
서울특별시 성동구 사근동 226-8,11200,10600,0,0226,0008,202504,서울특별시 성동구 사근동11길 33-8 (사근동) ,1,112004109284,0,33,8,5066
서울특별시 성동구 사근동 226-8,11200,10600,0,0226,0008,202505,서울특별시 성동구 사근동11길 33-8 (사근동) ,1,112004109284,0,33,8,4118
서울특별시 성동구 사근동 226-8,11200,10600,0,0226,0008,202506,서울특별시 성동구 사근동11길 33-8 (사근동) ,1,112004109284,0,33,8,3983
서울특별시 성동구 사근동 226-8,11200,10600,0,0226,0008,202507,서울특별시 성동구 사근동11길 33-8 (사근동) ,1,112004109284,0,33,8,4094
서울특별시 성동구 사근동 226-8,11200,10600,0,0226,0008,202508,서울특별시 성동구 사근동11길 33-8 (사근동) ,1,112004109284,0,33,8,5043
서울특별시 성동구 사근동 226-8,11200,10600,0,0226,0008,202509,서울특별시 성동구 사근동11길 33-8 (사근동) ,1,112004109284,0,33,8,4830
서울특별시 성동구 사근동 226-24,11200,10600,0,0226,0024,202501,서울특별시 성동구 사근동11길 29-1 (사근동) ,1,112004109284,0,29,1,271
서울특별시 성동구 사근동 226-24,11200,10600,0,0226,0024,202502,서울특별시 성동구 사근동11길 29-1 (사근동) ,1,112004109284,0,29,1,344
서울특별시 성동구 사근동 226-24,11200,10600,0,0226,0024,202503,서울특별시 성동구 사근동11길 29-1 (사근동) ,1,112004109284,0,29,1,261
서울특별시 성동구 사근동 226-24,11200,10600,0,0226,0024,202504,서울특별시 성동구 사근동11길 29-1 (사근동) ,1,112004109284,0,29,1,208
서울특별시 성동구 사근동 226-24,11200,10600,0,0226,0024,202505,서울특별시 성동구 사근동11길 29-1 (사근동) ,1,112004109284,0,29,1,209
서울특별시 성동구 사근동 226-24,11200,10600,0,0226,0024,202506,서울특별시 성동구 사근동11길 29-1 (사근동) ,1,112004109284,0,29,1,205
서울특별시 성동구 사근동 226-24,11200,10600,0,0226,0024,202507,서울특별시 성동구 사근동11길 29-1 (사근동) ,1,112004109284,0,29,1,225
서울특별시 성동구 사근동 226-24,11200,10600,0,0226,0024,202508,서울특별시 성동구 사근동11길 29-1 (사근동) ,1,112004109284,0,29,1,348
서울특별시 성동구 사근동 226-24,11200,10600,0,0226,0024,202509,서울특별시 성동구 사근동11길 29-1 (사근동) ,1,112004109284,0,29,1,366
서울특별시 성동구 사근동 226-26,11200,10600,0,0226,0026,202501,,1,,,,,257
서울특별시 성동구 사근동 226-26,11200,10600,0,0226,0026,202502,,1,,,,,234
서울특별시 성동구 사근동 226-26,11200,10600,0,0226,0026,202503,,1,,,,,199
서울특별시 성동구 사근동 226-26,11200,10600,0,0226,0026,202504,,1,,,,,222
서울특별시 성동구 사근동 226-26,11200,10600,0,0226,0026,202505,,1,,,,,217
서울특별시 성동구 사근동 226-26,11200,10600,0,0226,0026,202506,,1,,,,,230
서울특별시 성동구 사근동 226-26,11200,10600,0,0226,0026,202507,,1,,,,,279
서울특별시 성동구 사근동 226-26,11200,10600,0,0226,0026,202508,,1,,,,,574
서울특별시 성동구 사근동 226-26,11200,10600,0,0226,0026,202509,,1,,,,,365
서울특별시 성동구 사근동 231-36,11200,10600,0,0231,0036,202501,,1,,,,,160
서울특별시 성동구 사근동 231-36,11200,10600,0,0231,0036,202502,,1,,,,,159
서울특별시 성동구 사근동 231-36,11200,10600,0,0231,0036,202503,,1,,,,,144
서울특별시 성동구 사근동 231-36,11200,10600,0,0231,0036,202504,,1,,,,,154
서울특별시 성동구 사근동 231-36,11200,10600,0,0231,0036,202505,,1,,,,,143
서울특별시 성동구 사근동 231-36,11200,10600,0,0231,0036,202506,,1,,,,,143
서울특별시 성동구 사근동 231-36,11200,10600,0,0231,0036,202507,,1,,,,,138
서울특별시 성동구 사근동 231-36,11200,10600,0,0231,0036,202508,,1,,,,,142
서울특별시 성동구 사근동 231-36,11200,10600,0,0231,0036,202509,,1,,,,,141
서울특별시 성동구 사근동 241-1,11200,10600,0,0241,0001,202501,,1,,,,,2268
서울특별시 성동구 사근동 241-1,11200,10600,0,0241,0001,202502,,1,,,,,2235
서울특별시 성동구 사근동 241-1,11200,10600,0,0241,0001,202503,,1,,,,,2013
서울특별시 성동구 사근동 241-1,11200,10600,0,0241,0001,202504,,1,,,,,2251
서울특별시 성동구 사근동 241-1,11200,10600,0,0241,0001,202505,,1,,,,,2087
서울특별시 성동구 사근동 241-1,11200,10600,0,0241,0001,202506,,1,,,,,2228
서울특별시 성동구 사근동 241-1,11200,10600,0,0241,0001,202507,,1,,,,,2231
서울특별시 성동구 사근동 241-1,11200,10600,0,0241,0001,202508,,1,,,,,2300
서울특별시 성동구 사근동 241-1,11200,10600,0,0241,0001,202509,,1,,,,,2317
서울특별시 성동구 사근동 282-8,11200,10600,0,0282,0008,202501,서울특별시 성동구 사근동11길 48 (사근동) ,1,112004109284,0,48,0,918
서울특별시 성동구 사근동 282-8,11200,10600,0,0282,0008,202502,서울특별시 성동구 사근동11길 48 (사근동) ,1,112004109284,0,48,0,1181
서울특별시 성동구 사근동 282-8,11200,10600,0,0282,0008,202503,서울특별시 성동구 사근동11길 48 (사근동) ,1,112004109284,0,48,0,951
서울특별시 성동구 사근동 282-8,11200,10600,0,0282,0008,202504,서울특별시 성동구 사근동11길 48 (사근동) ,1,112004109284,0,48,0,533
서울특별시 성동구 사근동 282-8,11200,10600,0,0282,0008,202505,서울특별시 성동구 사근동11길 48 (사근동) ,1,112004109284,0,48,0,424
서울특별시 성동구 사근동 282-8,11200,10600,0,0282,0008,202506,서울특별시 성동구 사근동11길 48 (사근동) ,1,112004109284,0,48,0,517
서울특별시 성동구 사근동 282-8,11200,10600,0,0282,0008,202507,서울특별시 성동구 사근동11길 48 (사근동) ,1,112004109284,0,48,0,688
서울특별시 성동구 사근동 282-8,11200,10600,0,0282,0008,202508,서울특별시 성동구 사근동11길 48 (사근동) ,1,112004109284,0,48,0,1203
서울특별시 성동구 사근동 282-8,11200,10600,0,0282,0008,202509,서울특별시 성동구 사근동11길 48 (사근동) ,1,112004109284,0,48,0,1157
서울특별시 성동구 사근동 285-11,11200,10600,0,0285,0011,202501,서울특별시 성동구 사근동11다길 30 (사근동) ,1,112004109286,0,30,0,839
서울특별시 성동구 사근동 285-11,11200,10600,0,0285,0011,202502,서울특별시 성동구 사근동11다길 30 (사근동) ,1,112004109286,0,30,0,880
서울특별시 성동구 사근동 285-11,11200,10600,0,0285,0011,202503,서울특별시 성동구 사근동11다길 30 (사근동) ,1,112004109286,0,30,0,789
서울특별시 성동구 사근동 285-11,11200,10600,0,0285,0011,202504,서울특별시 성동구 사근동11다길 30 (사근동) ,1,112004109286,0,30,0,452
서울특별시 성동구 사근동 285-11,11200,10600,0,0285,0011,202505,서울특별시 성동구 사근동11다길 30 (사근동) ,1,112004109286,0,30,0,308
서울특별시 성동구 사근동 285-11,11200,10600,0,0285,0011,202506,서울특별시 성동구 사근동11다길 30 (사근동) ,1,112004109286,0,30,0,376
서울특별시 성동구 사근동 285-11,11200,10600,0,0285,0011,202507,서울특별시 성동구 사근동11다길 30 (사근동) ,1,112004109286,0,30,0,554
서울특별시 성동구 사근동 285-11,11200,10600,0,0285,0011,202508,서울특별시 성동구 사근동11다길 30 (사근동) ,1,112004109286,0,30,0,814
서울특별시 성동구 사근동 285-11,11200,10600,0,0285,0011,202509,서울특별시 성동구 사근동11다길 30 (사근동) ,1,112004109286,0,30,0,764
서울특별시 성동구 사근동 289-2,11200,10600,0,0289,0002,202501,,1,,,,,15959
서울특별시 성동구 사근동 289-2,11200,10600,0,0289,0002,202502,,1,,,,,15725
서울특별시 성동구 사근동 289-2,11200,10600,0,0289,0002,202503,,1,,,,,13637
서울특별시 성동구 사근동 289-2,11200,10600,0,0289,0002,202504,,1,,,,,12794
서울특별시 성동구 사근동 289-2,11200,10600,0,0289,0002,202505,,1,,,,,12161
서울특별시 성동구 사근동 289-2,11200,10600,0,0289,0002,202506,,1,,,,,15408
서울특별시 성동구 사근동 289-2,11200,10600,0,0289,0002,202507,,1,,,,,20959
서울특별시 성동구 사근동 289-2,11200,10600,0,0289,0002,202508,,1,,,,,26737
서울특별시 성동구 사근동 289-2,11200,10600,0,0289,0002,202509,,1,,,,,26564
서울특별시 성동구 사근동 291-5,11200,10600,0,0291,0005,202501,서울특별시 성동구 사근동11길 16 (사근동) ,1,112004109284,0,16,0,953
서울특별시 성동구 사근동 291-5,11200,10600,0,0291,0005,202502,서울특별시 성동구 사근동11길 16 (사근동) ,1,112004109284,0,16,0,1357
서울특별시 성동구 사근동 291-5,11200,10600,0,0291,0005,202503,서울특별시 성동구 사근동11길 16 (사근동) ,1,112004109284,0,16,0,1227
서울특별시 성동구 사근동 291-5,11200,10600,0,0291,0005,202504,서울특별시 성동구 사근동11길 16 (사근동) ,1,112004109284,0,16,0,269
서울특별시 성동구 사근동 291-5,11200,10600,0,0291,0005,202505,서울특별시 성동구 사근동11길 16 (사근동) ,1,112004109284,0,16,0,150
서울특별시 성동구 사근동 291-5,11200,10600,0,0291,0005,202506,서울특별시 성동구 사근동11길 16 (사근동) ,1,112004109284,0,16,0,171
서울특별시 성동구 사근동 291-5,11200,10600,0,0291,0005,202507,서울특별시 성동구 사근동11길 16 (사근동) ,1,112004109284,0,16,0,108
서울특별시 성동구 사근동 291-5,11200,10600,0,0291,0005,202508,서울특별시 성동구 사근동11길 16 (사근동) ,1,112004109284,0,16,0,110
서울특별시 성동구 사근동 291-5,11200,10600,0,0291,0005,202509,서울특별시 성동구 사근동11길 16 (사근동) ,1,112004109284,0,16,0,115
서울특별시 성동구 사근동 291-9,11200,10600,0,0291,0009,202501,서울특별시 성동구 사근동11나길 20 (사근동) ,1,112004109285,0,20,0,2041
서울특별시 성동구 사근동 291-9,11200,10600,0,0291,0009,202502,서울특별시 성동구 사근동11나길 20 (사근동) ,1,112004109285,0,20,0,1885
서울특별시 성동구 사근동 291-9,11200,10600,0,0291,0009,202503,서울특별시 성동구 사근동11나길 20 (사근동) ,1,112004109285,0,20,0,1732
서울특별시 성동구 사근동 291-9,11200,10600,0,0291,0009,202504,서울특별시 성동구 사근동11나길 20 (사근동) ,1,112004109285,0,20,0,1870
서울특별시 성동구 사근동 291-9,11200,10600,0,0291,0009,202505,서울특별시 성동구 사근동11나길 20 (사근동) ,1,112004109285,0,20,0,1804
서울특별시 성동구 사근동 291-9,11200,10600,0,0291,0009,202506,서울특별시 성동구 사근동11나길 20 (사근동) ,1,112004109285,0,20,0,1824
서울특별시 성동구 사근동 291-9,11200,10600,0,0291,0009,202507,서울특별시 성동구 사근동11나길 20 (사근동) ,1,112004109285,0,20,0,2327
서울특별시 성동구 사근동 291-9,11200,10600,0,0291,0009,202508,서울특별시 성동구 사근동11나길 20 (사근동) ,1,112004109285,0,20,0,3030
서울특별시 성동구 사근동 291-9,11200,10600,0,0291,0009,202509,서울특별시 성동구 사근동11나길 20 (사근동) ,1,112004109285,0,20,0,2908
서울특별시 성동구 사근동 293-4,11200,10600,0,0293,0004,202501,서울특별시 성동구 사근동11길 55-2 (사근동) ,1,112004109284,0,55,2,1023
서울특별시 성동구 사근동 293-4,11200,10600,0,0293,0004,202502,서울특별시 성동구 사근동11길 55-2 (사근동) ,1,112004109284,0,55,2,986
서울특별시 성동구 사근동 293-4,11200,10600,0,0293,0004,202503,서울특별시 성동구 사근동11길 55-2 (사근동) ,1,112004109284,0,55,2,920
서울특별시 성동구 사근동 293-4,11200,10600,0,0293,0004,202504,서울특별시 성동구 사근동11길 55-2 (사근동) ,1,112004109284,0,55,2,920
서울특별시 성동구 사근동 293-4,11200,10600,0,0293,0004,202505,서울특별시 성동구 사근동11길 55-2 (사근동) ,1,112004109284,0,55,2,792
서울특별시 성동구 사근동 293-4,11200,10600,0,0293,0004,202506,서울특별시 성동구 사근동11길 55-2 (사근동) ,1,112004109284,0,55,2,902
서울특별시 성동구 사근동 293-4,11200,10600,0,0293,0004,202507,서울특별시 성동구 사근동11길 55-2 (사근동) ,1,112004109284,0,55,2,1171
서울특별시 성동구 사근동 293-4,11200,10600,0,0293,0004,202508,서울특별시 성동구 사근동11길 55-2 (사근동) ,1,112004109284,0,55,2,1658
서울특별시 성동구 사근동 293-4,11200,10600,0,0293,0004,202509,서울특별시 성동구 사근동11길 55-2 (사근동) ,1,112004109284,0,55,2,1590
서울특별시 성동구 사근동 297,11200,10600,0,0297,0000,202501,서울특별시 성동구 사근동길 45 (사근동) ,1,112004109297,0,45,0,42
서울특별시 성동구 사근동 297,11200,10600,0,0297,0000,202502,서울특별시 성동구 사근동길 45 (사근동) ,1,112004109297,0,45,0,40
서울특별시 성동구 사근동 297,11200,10600,0,0297,0000,202503,서울특별시 성동구 사근동길 45 (사근동) ,1,112004109297,0,45,0,18
서울특별시 성동구 사근동 301-3,11200,10600,0,0301,0003,202501,서울특별시 성동구 사근동길 42 (사근동) ,1,112004109297,0,42,0,9905
서울특별시 성동구 사근동 301-3,11200,10600,0,0301,0003,202502,서울특별시 성동구 사근동길 42 (사근동) ,1,112004109297,0,42,0,10251
서울특별시 성동구 사근동 301-3,11200,10600,0,0301,0003,202503,서울특별시 성동구 사근동길 42 (사근동) ,1,112004109297,0,42,0,9280
서울특별시 성동구 사근동 301-3,11200,10600,0,0301,0003,202504,서울특별시 성동구 사근동길 42 (사근동) ,1,112004109297,0,42,0,5347
서울특별시 성동구 사근동 301-3,11200,10600,0,0301,0003,202505,서울특별시 성동구 사근동길 42 (사근동) ,1,112004109297,0,42,0,4576
서울특별시 성동구 사근동 301-3,11200,10600,0,0301,0003,202506,서울특별시 성동구 사근동길 42 (사근동) ,1,112004109297,0,42,0,4846
서울특별시 성동구 사근동 301-3,11200,10600,0,0301,0003,202507,서울특별시 성동구 사근동길 42 (사근동) ,1,112004109297,0,42,0,6991
서울특별시 성동구 사근동 301-3,11200,10600,0,0301,0003,202508,서울특별시 성동구 사근동길 42 (사근동) ,1,112004109297,0,42,0,10541
서울특별시 성동구 사근동 301-3,11200,10600,0,0301,0003,202509,서울특별시 성동구 사근동길 42 (사근동) ,1,112004109297,0,42,0,9327
서울특별시 성동구 사근동 301-57,11200,10600,0,0301,0057,202501,서울특별시 성동구 사근동길 34-1 (사근동) ,1,112004109297,0,34,1,174
서울특별시 성동구 사근동 301-57,11200,10600,0,0301,0057,202502,서울특별시 성동구 사근동길 34-1 (사근동) ,1,112004109297,0,34,1,166
서울특별시 성동구 사근동 301-57,11200,10600,0,0301,0057,202503,서울특별시 성동구 사근동길 34-1 (사근동) ,1,112004109297,0,34,1,187
서울특별시 성동구 사근동 301-57,11200,10600,0,0301,0057,202504,서울특별시 성동구 사근동길 34-1 (사근동) ,1,112004109297,0,34,1,386
서울특별시 성동구 사근동 301-57,11200,10600,0,0301,0057,202505,서울특별시 성동구 사근동길 34-1 (사근동) ,1,112004109297,0,34,1,477
서울특별시 성동구 사근동 301-57,11200,10600,0,0301,0057,202506,서울특별시 성동구 사근동길 34-1 (사근동) ,1,112004109297,0,34,1,689
서울특별시 성동구 사근동 301-57,11200,10600,0,0301,0057,202507,서울특별시 성동구 사근동길 34-1 (사근동) ,1,112004109297,0,34,1,512
서울특별시 성동구 사근동 301-57,11200,10600,0,0301,0057,202508,서울특별시 성동구 사근동길 34-1 (사근동) ,1,112004109297,0,34,1,387
서울특별시 성동구 사근동 301-57,11200,10600,0,0301,0057,202509,서울특별시 성동구 사근동길 34-1 (사근동) ,1,112004109297,0,34,1,357
서울특별시 성동구 사근동 301-86,11200,10600,0,0301,0086,202501,서울특별시 성동구 사근동2길 4-23 (사근동) ,1,112004109288,0,4,23,437
서울특별시 성동구 사근동 301-86,11200,10600,0,0301,0086,202502,서울특별시 성동구 사근동2길 4-23 (사근동) ,1,112004109288,0,4,23,413
서울특별시 성동구 사근동 301-86,11200,10600,0,0301,0086,202503,서울특별시 성동구 사근동2길 4-23 (사근동) ,1,112004109288,0,4,23,280
서울특별시 성동구 사근동 301-86,11200,10600,0,0301,0086,202504,서울특별시 성동구 사근동2길 4-23 (사근동) ,1,112004109288,0,4,23,206
서울특별시 성동구 사근동 301-86,11200,10600,0,0301,0086,202505,서울특별시 성동구 사근동2길 4-23 (사근동) ,1,112004109288,0,4,23,191
서울특별시 성동구 사근동 301-86,11200,10600,0,0301,0086,202506,서울특별시 성동구 사근동2길 4-23 (사근동) ,1,112004109288,0,4,23,207
서울특별시 성동구 사근동 301-86,11200,10600,0,0301,0086,202507,서울특별시 성동구 사근동2길 4-23 (사근동) ,1,112004109288,0,4,23,234
서울특별시 성동구 사근동 301-86,11200,10600,0,0301,0086,202508,서울특별시 성동구 사근동2길 4-23 (사근동) ,1,112004109288,0,4,23,301
서울특별시 성동구 사근동 301-86,11200,10600,0,0301,0086,202509,서울특별시 성동구 사근동2길 4-23 (사근동) ,1,112004109288,0,4,23,238
서울특별시 성동구 사근동 307-2,11200,10600,0,0307,0002,202501,서울특별시 성동구 사근동길 21-1 (사근동) ,1,112004109297,0,21,1,6356
서울특별시 성동구 사근동 307-2,11200,10600,0,0307,0002,202502,서울특별시 성동구 사근동길 21-1 (사근동) ,1,112004109297,0,21,1,6411
서울특별시 성동구 사근동 307-2,11200,10600,0,0307,0002,202503,서울특별시 성동구 사근동길 21-1 (사근동) ,1,112004109297,0,21,1,4598
서울특별시 성동구 사근동 307-2,11200,10600,0,0307,0002,202504,서울특별시 성동구 사근동길 21-1 (사근동) ,1,112004109297,0,21,1,4762
서울특별시 성동구 사근동 307-2,11200,10600,0,0307,0002,202505,서울특별시 성동구 사근동길 21-1 (사근동) ,1,112004109297,0,21,1,4733
서울특별시 성동구 사근동 307-2,11200,10600,0,0307,0002,202506,서울특별시 성동구 사근동길 21-1 (사근동) ,1,112004109297,0,21,1,6660
서울특별시 성동구 사근동 307-2,11200,10600,0,0307,0002,202507,서울특별시 성동구 사근동길 21-1 (사근동) ,1,112004109297,0,21,1,8417
서울특별시 성동구 사근동 307-2,11200,10600,0,0307,0002,202508,서울특별시 성동구 사근동길 21-1 (사근동) ,1,112004109297,0,21,1,9246
서울특별시 성동구 사근동 307-2,11200,10600,0,0307,0002,202509,서울특별시 성동구 사근동길 21-1 (사근동) ,1,112004109297,0,21,1,8554
서울특별시 성동구 사근동 308-4,11200,10600,0,0308,0004,202501,서울특별시 성동구 사근동길 25-1 (사근동) ,1,112004109297,0,25,1,1458
서울특별시 성동구 사근동 308-4,11200,10600,0,0308,0004,202502,서울특별시 성동구 사근동길 25-1 (사근동) ,1,112004109297,0,25,1,1420
서울특별시 성동구 사근동 308-4,11200,10600,0,0308,0004,202503,서울특별시 성동구 사근동길 25-1 (사근동) ,1,112004109297,0,25,1,1064
서울특별시 성동구 사근동 308-4,11200,10600,0,0308,0004,202504,서울특별시 성동구 사근동길 25-1 (사근동) ,1,112004109297,0,25,1,930
서울특별시 성동구 사근동 308-4,11200,10600,0,0308,0004,202505,서울특별시 성동구 사근동길 25-1 (사근동) ,1,112004109297,0,25,1,864
서울특별시 성동구 사근동 308-4,11200,10600,0,0308,0004,202506,서울특별시 성동구 사근동길 25-1 (사근동) ,1,112004109297,0,25,1,1062
서울특별시 성동구 사근동 308-4,11200,10600,0,0308,0004,202507,서울특별시 성동구 사근동길 25-1 (사근동) ,1,112004109297,0,25,1,1311
서울특별시 성동구 사근동 308-4,11200,10600,0,0308,0004,202508,서울특별시 성동구 사근동길 25-1 (사근동) ,1,112004109297,0,25,1,1484
서울특별시 성동구 사근동 308-4,11200,10600,0,0308,0004,202509,서울특별시 성동구 사근동길 25-1 (사근동) ,1,112004109297,0,25,1,1263
서울특별시 성동구 사근동 309-12,11200,10600,0,0309,0012,202501,서울특별시 성동구 사근동길 28-2 (사근동) ,1,112004109297,0,28,2,2394
서울특별시 성동구 사근동 309-12,11200,10600,0,0309,0012,202502,서울특별시 성동구 사근동길 28-2 (사근동) ,1,112004109297,0,28,2,1938
서울특별시 성동구 사근동 309-12,11200,10600,0,0309,0012,202503,서울특별시 성동구 사근동길 28-2 (사근동) ,1,112004109297,0,28,2,1671
서울특별시 성동구 사근동 309-12,11200,10600,0,0309,0012,202504,서울특별시 성동구 사근동길 28-2 (사근동) ,1,112004109297,0,28,2,1773
서울특별시 성동구 사근동 309-12,11200,10600,0,0309,0012,202505,서울특별시 성동구 사근동길 28-2 (사근동) ,1,112004109297,0,28,2,1716
서울특별시 성동구 사근동 309-12,11200,10600,0,0309,0012,202506,서울특별시 성동구 사근동길 28-2 (사근동) ,1,112004109297,0,28,2,2206
서울특별시 성동구 사근동 309-12,11200,10600,0,0309,0012,202507,서울특별시 성동구 사근동길 28-2 (사근동) ,1,112004109297,0,28,2,2573
서울특별시 성동구 사근동 309-12,11200,10600,0,0309,0012,202508,서울특별시 성동구 사근동길 28-2 (사근동) ,1,112004109297,0,28,2,2201
서울특별시 성동구 사근동 309-12,11200,10600,0,0309,0012,202509,서울특별시 성동구 사근동길 28-2 (사근동) ,1,112004109297,0,28,2,3791
서울특별시 성동구 사근동 309-14,11200,10600,0,0309,0014,202501,서울특별시 성동구 사근동길 24 (사근동) ,1,112004109297,0,24,0,3793
서울특별시 성동구 사근동 309-14,11200,10600,0,0309,0014,202502,서울특별시 성동구 사근동길 24 (사근동) ,1,112004109297,0,24,0,3619
서울특별시 성동구 사근동 309-14,11200,10600,0,0309,0014,202503,서울특별시 성동구 사근동길 24 (사근동) ,1,112004109297,0,24,0,2996
서울특별시 성동구 사근동 309-14,11200,10600,0,0309,0014,202504,서울특별시 성동구 사근동길 24 (사근동) ,1,112004109297,0,24,0,3238
서울특별시 성동구 사근동 309-14,11200,10600,0,0309,0014,202505,서울특별시 성동구 사근동길 24 (사근동) ,1,112004109297,0,24,0,2587
서울특별시 성동구 사근동 309-14,11200,10600,0,0309,0014,202506,서울특별시 성동구 사근동길 24 (사근동) ,1,112004109297,0,24,0,3283
서울특별시 성동구 사근동 309-14,11200,10600,0,0309,0014,202507,서울특별시 성동구 사근동길 24 (사근동) ,1,112004109297,0,24,0,4147
서울특별시 성동구 사근동 309-14,11200,10600,0,0309,0014,202508,서울특별시 성동구 사근동길 24 (사근동) ,1,112004109297,0,24,0,4401
서울특별시 성동구 사근동 309-14,11200,10600,0,0309,0014,202509,서울특별시 성동구 사근동길 24 (사근동) ,1,112004109297,0,24,0,5077
서울특별시 성동구 사근동 309-17,11200,10600,0,0309,0017,202501,서울특별시 성동구 사근동길 22-1 (사근동) ,1,112004109297,0,22,1,1386
서울특별시 성동구 사근동 309-17,11200,10600,0,0309,0017,202502,서울특별시 성동구 사근동길 22-1 (사근동) ,1,112004109297,0,22,1,1319
서울특별시 성동구 사근동 309-17,11200,10600,0,0309,0017,202503,서울특별시 성동구 사근동길 22-1 (사근동) ,1,112004109297,0,22,1,1448
서울특별시 성동구 사근동 309-17,11200,10600,0,0309,0017,202504,서울특별시 성동구 사근동길 22-1 (사근동) ,1,112004109297,0,22,1,1596
서울특별시 성동구 사근동 309-17,11200,10600,0,0309,0017,202505,서울특별시 성동구 사근동길 22-1 (사근동) ,1,112004109297,0,22,1,1522
서울특별시 성동구 사근동 309-17,11200,10600,0,0309,0017,202506,서울특별시 성동구 사근동길 22-1 (사근동) ,1,112004109297,0,22,1,1977
서울특별시 성동구 사근동 309-17,11200,10600,0,0309,0017,202507,서울특별시 성동구 사근동길 22-1 (사근동) ,1,112004109297,0,22,1,2844
서울특별시 성동구 사근동 309-17,11200,10600,0,0309,0017,202508,서울특별시 성동구 사근동길 22-1 (사근동) ,1,112004109297,0,22,1,2843
서울특별시 성동구 사근동 309-17,11200,10600,0,0309,0017,202509,서울특별시 성동구 사근동길 22-1 (사근동) ,1,112004109297,0,22,1,3674
서울특별시 성동구 사근동 309-28,11200,10600,0,0309,0028,202501,서울특별시 성동구 사근동길 18 (사근동) ,1,112004109297,0,18,0,7031
서울특별시 성동구 사근동 309-28,11200,10600,0,0309,0028,202502,서울특별시 성동구 사근동길 18 (사근동) ,1,112004109297,0,18,0,6467
서울특별시 성동구 사근동 309-28,11200,10600,0,0309,0028,202503,서울특별시 성동구 사근동길 18 (사근동) ,1,112004109297,0,18,0,5636
서울특별시 성동구 사근동 309-28,11200,10600,0,0309,0028,202504,서울특별시 성동구 사근동길 18 (사근동) ,1,112004109297,0,18,0,5477
서울특별시 성동구 사근동 309-28,11200,10600,0,0309,0028,202505,서울특별시 성동구 사근동길 18 (사근동) ,1,112004109297,0,18,0,5316
서울특별시 성동구 사근동 309-28,11200,10600,0,0309,0028,202506,서울특별시 성동구 사근동길 18 (사근동) ,1,112004109297,0,18,0,7210
서울특별시 성동구 사근동 309-28,11200,10600,0,0309,0028,202507,서울특별시 성동구 사근동길 18 (사근동) ,1,112004109297,0,18,0,10408
서울특별시 성동구 사근동 309-28,11200,10600,0,0309,0028,202508,서울특별시 성동구 사근동길 18 (사근동) ,1,112004109297,0,18,0,12112
서울특별시 성동구 사근동 309-28,11200,10600,0,0309,0028,202509,서울특별시 성동구 사근동길 18 (사근동) ,1,112004109297,0,18,0,11831
서울특별시 성동구 사근동 309-77,11200,10600,0,0309,0077,202501,,1,,,,,512
서울특별시 성동구 사근동 309-77,11200,10600,0,0309,0077,202502,,1,,,,,341
서울특별시 성동구 사근동 309-77,11200,10600,0,0309,0077,202503,,1,,,,,311
서울특별시 성동구 사근동 309-77,11200,10600,0,0309,0077,202504,,1,,,,,307
서울특별시 성동구 사근동 309-77,11200,10600,0,0309,0077,202505,,1,,,,,233
서울특별시 성동구 사근동 309-77,11200,10600,0,0309,0077,202506,,1,,,,,222
서울특별시 성동구 사근동 309-77,11200,10600,0,0309,0077,202507,,1,,,,,637
서울특별시 성동구 사근동 309-77,11200,10600,0,0309,0077,202508,,1,,,,,476
서울특별시 성동구 사근동 309-77,11200,10600,0,0309,0077,202509,,1,,,,,548
서울특별시 성동구 사근동 309-107,11200,10600,0,0309,0107,202501,,1,,,,,101
서울특별시 성동구 사근동 309-107,11200,10600,0,0309,0107,202502,,1,,,,,112
서울특별시 성동구 사근동 309-107,11200,10600,0,0309,0107,202503,,1,,,,,117
서울특별시 성동구 사근동 309-107,11200,10600,0,0309,0107,202504,,1,,,,,167
서울특별시 성동구 사근동 309-107,11200,10600,0,0309,0107,202505,,1,,,,,159
서울특별시 성동구 사근동 309-107,11200,10600,0,0309,0107,202506,,1,,,,,201
서울특별시 성동구 사근동 309-107,11200,10600,0,0309,0107,202507,,1,,,,,226
서울특별시 성동구 사근동 309-107,11200,10600,0,0309,0107,202508,,1,,,,,262
서울특별시 성동구 사근동 309-107,11200,10600,0,0309,0107,202509,,1,,,,,162
서울특별시 성동구 사근동 309-152,11200,10600,0,0309,0152,202501,,1,,,,,696
서울특별시 성동구 사근동 309-152,11200,10600,0,0309,0152,202502,,1,,,,,569
서울특별시 성동구 사근동 309-152,11200,10600,0,0309,0152,202503,,1,,,,,559
서울특별시 성동구 사근동 309-152,11200,10600,0,0309,0152,202504,,1,,,,,606
서울특별시 성동구 사근동 309-152,11200,10600,0,0309,0152,202505,,1,,,,,593
서울특별시 성동구 사근동 309-152,11200,10600,0,0309,0152,202506,,1,,,,,791
서울특별시 성동구 사근동 309-152,11200,10600,0,0309,0152,202507,,1,,,,,1124
서울특별시 성동구 사근동 309-152,11200,10600,0,0309,0152,202508,,1,,,,,1332
서울특별시 성동구 사근동 309-152,11200,10600,0,0309,0152,202509,,1,,,,,1217
서울특별시 성동구 사근동 309-183,11200,10600,0,0309,0183,202501,서울특별시 성동구 사근동길 28-1 (사근동) ,1,112004109297,0,28,1,5859
서울특별시 성동구 사근동 309-183,11200,10600,0,0309,0183,202502,서울특별시 성동구 사근동길 28-1 (사근동) ,1,112004109297,0,28,1,6056
서울특별시 성동구 사근동 309-183,11200,10600,0,0309,0183,202503,서울특별시 성동구 사근동길 28-1 (사근동) ,1,112004109297,0,28,1,5328
서울특별시 성동구 사근동 309-183,11200,10600,0,0309,0183,202504,서울특별시 성동구 사근동길 28-1 (사근동) ,1,112004109297,0,28,1,5301
서울특별시 성동구 사근동 309-183,11200,10600,0,0309,0183,202505,서울특별시 성동구 사근동길 28-1 (사근동) ,1,112004109297,0,28,1,5062
서울특별시 성동구 사근동 309-183,11200,10600,0,0309,0183,202506,서울특별시 성동구 사근동길 28-1 (사근동) ,1,112004109297,0,28,1,5826
서울특별시 성동구 사근동 309-183,11200,10600,0,0309,0183,202507,서울특별시 성동구 사근동길 28-1 (사근동) ,1,112004109297,0,28,1,7237
서울특별시 성동구 사근동 309-183,11200,10600,0,0309,0183,202508,서울특별시 성동구 사근동길 28-1 (사근동) ,1,112004109297,0,28,1,7772
서울특별시 성동구 사근동 309-183,11200,10600,0,0309,0183,202509,서울특별시 성동구 사근동길 28-1 (사근동) ,1,112004109297,0,28,1,7515
서울특별시 성동구 사근동 314,11200,10600,0,0314,0000,202501,서울특별시 성동구 살곶이길 176 (사근동) ,1,112004109304,0,176,0,553
서울특별시 성동구 사근동 314,11200,10600,0,0314,0000,202502,서울특별시 성동구 살곶이길 176 (사근동) ,1,112004109304,0,176,0,555
서울특별시 성동구 사근동 314,11200,10600,0,0314,0000,202503,서울특별시 성동구 살곶이길 176 (사근동) ,1,112004109304,0,176,0,538
서울특별시 성동구 사근동 314,11200,10600,0,0314,0000,202504,서울특별시 성동구 살곶이길 176 (사근동) ,1,112004109304,0,176,0,651
서울특별시 성동구 사근동 314,11200,10600,0,0314,0000,202505,서울특별시 성동구 살곶이길 176 (사근동) ,1,112004109304,0,176,0,593
서울특별시 성동구 사근동 314,11200,10600,0,0314,0000,202506,서울특별시 성동구 살곶이길 176 (사근동) ,1,112004109304,0,176,0,626
서울특별시 성동구 사근동 314,11200,10600,0,0314,0000,202507,서울특별시 성동구 살곶이길 176 (사근동) ,1,112004109304,0,176,0,606
서울특별시 성동구 사근동 314,11200,10600,0,0314,0000,202508,서울특별시 성동구 살곶이길 176 (사근동) ,1,112004109304,0,176,0,718
서울특별시 성동구 사근동 314,11200,10600,0,0314,0000,202509,서울특별시 성동구 살곶이길 176 (사근동) ,1,112004109304,0,176,0,1087
